Part,Part Desc,Part Group,Part Status,Part Family,Part Rev,Part Critical
853-1,ASSY1,PN,NF,BRACKET,A,NC
857-1,KIT1,X,D,KIT,B,NC
857-2,KIT2,PN,NF,BRACKET,A,NC
839-1,WLDMT1,PN,NF,WELDMENT,A,NC
713-1,SH1,PN,NF,SHIELD,A,NC
21-1,SCRW1,PN,P,SCREW,A,NC
671-1,DRAW1,E,NF,MISC,D,NC
74-1,DOC1,E,NF,DOCUMENT,D,NC
202-1,DOC2,E,NF,DOCUMENT,A,NC
603-1,DOC3,E,NF,DOCUMENT,K,NC
515-1,DLY1,PN,NF,DOLLY,A,NC
515-2,SPRT1,PN,NF,SUPPORT,B,NC
790-1,STRAP1,PN,NF,STRAP,B,NC
790-2,WRCH1,PN,P,TOOL,A,NC
515-1,SCKT1,PN,P,SOCKET,C,NC
857-1,KIT3,PN,NF,HANDLE,A,NC
21-2,SCRW2,F,P,SCREW,C,NC
